Source,Target,type,Weight
18,29,undirected,8560
35,18,undirected,4023
353,474,undirected,3990
9,18,undirected,3444
18,20,undirected,3041
18,47,undirected,2923
15,18,undirected,2910
29,15,undirected,2342
29,64,undirected,2315
15,9,undirected,2227
9,29,undirected,2091
18,7,undirected,2064
18,69,undirected,2054
29,22,undirected,2048
353,353,undirected,1995
29,20,undirected,1983
18,22,undirected,1934
29,35,undirected,1873
30,18,undirected,1621
29,7,undirected,1600
149,454,undirected,1482
281,149,undirected,1407
364,149,undirected,1404
364,364,undirected,1404
364,367,undirected,1404
364,281,undirected,1404
364,454,undirected,1404
149,364,undirected,1404
149,367,undirected,1404
364,367,undirected,1404
364,281,undirected,1404
364,454,undirected,1404
367,281,undirected,1404
367,454,undirected,1404
281,454,undirected,1404
20,9,undirected,1391
15,22,undirected,1361
14,9,undirected,1299
20,15,undirected,1289
64,18,undirected,1281
69,29,undirected,1190
13,14,undirected,1170
30,20,undirected,1125
29,14,undirected,1105
17,18,undirected,1095
13,9,undirected,1055
37,15,undirected,969
37,38,undirected,961
38,15,undirected,961
40,15,undirected,956
37,39,undirected,955
37,40,undirected,955
39,15,undirected,955
42,15,undirected,955
37,42,undirected,954
39,40,undirected,954
38,39,undirected,953
38,40,undirected,953
38,42,undirected,952
39,42,undirected,952
40,42,undirected,952
41,42,undirected,952
41,15,undirected,952
37,41,undirected,951
29,13,undirected,951
38,41,undirected,950
39,41,undirected,950
40,41,undirected,950
64,69,undirected,945
29,18,undirected,940
23,18,undirected,938
7,20,undirected,923
18,136,undirected,914
29,30,undirected,900
29,17,undirected,896
29,23,undirected,869
6,8,undirected,863
18,52,undirected,855
47,35,undirected,837
47,29,undirected,819
88,97,undirected,809
12,18,undirected,764
35,15,undirected,745
56,18,undirected,723
18,19,undirected,721
18,108,undirected,717
108,20,undirected,711
18,148,undirected,710
12,19,undirected,709
365,149,undirected,689
365,281,undirected,689
365,454,undirected,689
364,365,undirected,688
365,364,undirected,688
365,367,undirected,688
18,45,undirected,685
14,129,undirected,684
101,29,undirected,677
1,31,undirected,675
50,29,undirected,675
30,7,undirected,673
29,55,undirected,671
18,50,undirected,662
18,48,undirected,651
20,52,undirected,646
18,55,undirected,641
12,14,undirected,631
29,136,undirected,630
29,45,undirected,620
16,129,undirected,617
101,18,undirected,602
20,19,undirected,601
9,35,undirected,593
69,20,undirected,590
101,156,undirected,587
304,304,undirected,586
30,9,undirected,578
88,18,undirected,576
14,9,undirected,576
27,137,undirected,572
126,129,undirected,569
27,387,undirected,565
129,134,undirected,564
136,22,undirected,561
29,20,undirected,557
14,126,undirected,556
19,129,undirected,553
129,187,undirected,548
129,13,undirected,546
29,52,undirected,545
14,18,undirected,541
29,48,undirected,541
295,88,undirected,538
88,204,undirected,527
35,22,undirected,524
35,20,undirected,520
7,69,undirected,514
20,12,undirected,514
19,14,undirected,509
9,19,undirected,508
27,146,undirected,508
19,126,undirected,507
47,129,undirected,502
88,29,undirected,499
9,108,undirected,492
29,56,undirected,488
148,7,undirected,487
18,90,undirected,486
27,9,undirected,483
20,23,undirected,480
129,126,undirected,479
300,175,undirected,478
78,129,undirected,476
193,129,undirected,476
12,9,undirected,473
70,20,undirected,469
7,9,undirected,468
129,192,undirected,468
15,19,undirected,461
110,22,undirected,461
68,18,undirected,460
23,55,undirected,460
18,6,undirected,455
9,67,undirected,453
21,18,undirected,449
29,50,undirected,448
146,300,undirected,448
12,15,undirected,446
126,19,undirected,446
6,90,undirected,444
14,16,undirected,443
18,51,undirected,438
29,23,undirected,437
16,134,undirected,434
29,70,undirected,432
7,50,undirected,432
136,15,undirected,432
108,29,undirected,430
282,29,undirected,430
155,27,undirected,426
47,14,undirected,426
22,20,undirected,426
19,78,undirected,421
126,78,undirected,421
52,9,undirected,419
88,330,undirected,418
18,70,undirected,415
78,193,undirected,412
22,101,undirected,412
16,126,undirected,411
134,14,undirected,411
64,35,undirected,410
18,156,undirected,410
134,126,undirected,410
101,180,undirected,409
18,75,undirected,408
19,16,undirected,408
19,13,undirected,408
35,17,undirected,407
126,193,undirected,407
45,23,undirected,406
12,19,undirected,405
134,187,undirected,405
126,187,undirected,405
187,14,undirected,405
27,391,undirected,405
27,388,undirected,405
19,134,undirected,404
16,187,undirected,404
16,13,undirected,404
134,13,undirected,404
126,13,undirected,404
187,13,undirected,404
13,14,undirected,404
300,386,undirected,404
19,187,undirected,403
146,391,undirected,403
300,161,undirected,402
297,146,undirected,402
19,193,undirected,401
146,386,undirected,401
35,69,undirected,398
300,27,undirected,397
387,388,undirected,396
146,387,undirected,392
300,297,undirected,392
297,386,undirected,392
385,391,undirected,392
80,66,undirected,391
297,27,undirected,391
297,391,undirected,390
146,393,undirected,390
297,387,undirected,390
27,385,undirected,390
27,386,undirected,390
27,390,undirected,390
27,392,undirected,390
300,387,undirected,390
300,388,undirected,390
386,387,undirected,390
386,391,undirected,390
388,146,undirected,390
297,385,undirected,389
297,388,undirected,389
297,389,undirected,389
297,390,undirected,389
297,392,undirected,389
297,393,undirected,389
297,394,undirected,389
27,389,undirected,389
27,393,undirected,389
27,394,undirected,389
300,385,undirected,389
300,389,undirected,389
300,390,undirected,389
300,391,undirected,389
300,392,undirected,389
300,393,undirected,389
300,394,undirected,389
385,386,undirected,389
385,387,undirected,389
385,388,undirected,389
385,389,undirected,389
385,390,undirected,389
385,146,undirected,389
385,392,undirected,389
385,393,undirected,389
385,394,undirected,389
386,388,undirected,389
386,389,undirected,389
386,390,undirected,389
386,392,undirected,389
386,393,undirected,389
386,394,undirected,389
387,389,undirected,389
387,390,undirected,389
387,391,undirected,389
387,392,undirected,389
387,393,undirected,389
387,394,undirected,389
388,389,undirected,389
388,390,undirected,389
388,391,undirected,389
388,392,undirected,389
388,393,undirected,389
388,394,undirected,389
389,390,undirected,389
389,391,undirected,389
389,146,undirected,389
389,392,undirected,389
389,393,undirected,389
389,394,undirected,389
390,391,undirected,389
390,146,undirected,389
390,392,undirected,389
390,393,undirected,389
390,394,undirected,389
391,392,undirected,389
391,393,undirected,389
391,394,undirected,389
146,392,undirected,389
146,394,undirected,389
392,393,undirected,389
392,394,undirected,389
393,394,undirected,389
29,45,undirected,387
15,64,undirected,385
18,85,undirected,383
207,207,undirected,383
47,134,undirected,382
18,23,undirected,377
124,125,undirected,372
282,329,undirected,369
69,22,undirected,368
22,64,undirected,365
341,329,undirected,365
30,70,undirected,364
175,161,undirected,364
23,48,undirected,363
329,342,undirected,363
169,29,undirected,362
274,282,undirected,361
69,30,undirected,360
67,18,undirected,359
55,29,undirected,359
52,15,undirected,357
274,88,undirected,357
274,29,undirected,356
338,339,undirected,356
337,338,undirected,355
337,339,undirected,355
337,340,undirected,355
338,340,undirected,355
339,340,undirected,355
341,342,undirected,355
67,136,undirected,354
263,274,undirected,354
337,341,undirected,354
337,342,undirected,354
338,341,undirected,354
338,329,undirected,354
338,342,undirected,354
339,341,undirected,354
339,329,undirected,354
339,342,undirected,354
340,341,undirected,354
340,342,undirected,354
337,329,undirected,353
337,343,undirected,353
338,343,undirected,353
339,343,undirected,353
340,329,undirected,353
340,343,undirected,353
340,282,undirected,353
341,343,undirected,353
329,343,undirected,353
342,343,undirected,353
21,9,undirected,352
110,18,undirected,352
341,282,undirected,352
88,15,undirected,351
27,18,undirected,351
337,282,undirected,351
338,282,undirected,351
339,282,undirected,351
342,282,undirected,351
343,282,undirected,351
18,113,undirected,350
29,148,undirected,349
30,19,undirected,347
30,15,undirected,346
69,112,undirected,346
58,18,undirected,345
156,22,undirected,343
47,16,undirected,343
29,19,undirected,341
52,23,undirected,341
22,90,undirected,341
180,18,undirected,340
110,29,undirected,339
326,88,undirected,339
25,9,undirected,338
29,112,undirected,338
137,397,undirected,338
52,108,undirected,338
225,27,undirected,338
47,126,undirected,337
19,47,undirected,336
126,14,undirected,336
212,213,undirected,336
212,214,undirected,336
212,215,undirected,336
212,216,undirected,336
212,217,undirected,336
212,205,undirected,336
212,169,undirected,336
212,218,undirected,336
212,219,undirected,336
212,220,undirected,336
212,221,undirected,336
212,222,undirected,336
212,29,undirected,336
18,167,undirected,335
29,90,undirected,335
78,13,undirected,335
126,13,undirected,335
35,51,undirected,334
78,47,undirected,334
211,333,undirected,334
80,334,undirected,334
29,30,undirected,333
16,126,undirected,333
78,134,undirected,333
193,47,undirected,333
193,13,undirected,333
78,126,undirected,332
78,187,undirected,332
78,14,undirected,332
193,134,undirected,332
193,126,undirected,332
193,187,undirected,332
193,14,undirected,332
126,47,undirected,332
126,134,undirected,332
126,126,undirected,332
126,187,undirected,332
47,187,undirected,332
47,192,undirected,332
80,211,undirected,332
332,211,undirected,332
211,334,undirected,332
330,326,undirected,332
71,20,undirected,331
16,78,undirected,331
16,193,undirected,331
47,13,undirected,331
333,80,undirected,331
80,336,undirected,331
321,334,undirected,331
334,336,undirected,331
134,192,undirected,330
66,335,undirected,330
332,333,undirected,330
332,80,undirected,330
332,334,undirected,330
332,66,undirected,330
332,336,undirected,330
211,66,undirected,330
211,336,undirected,330
333,334,undirected,330
333,66,undirected,330
333,336,undirected,330
80,321,undirected,330
334,335,undirected,330
334,66,undirected,330
66,336,undirected,330
19,192,undirected,329
321,336,undirected,329
332,335,undirected,329
211,335,undirected,329
333,335,undirected,329
80,335,undirected,329
335,336,undirected,329
29,20,undirected,328
16,192,undirected,328
78,192,undirected,328
193,192,undirected,328
126,192,undirected,328
126,192,undirected,328
187,192,undirected,328
13,192,undirected,328
14,192,undirected,328
211,321,undirected,328
297,518,undirected,328
27,518,undirected,328
300,518,undirected,328
385,518,undirected,328
386,518,undirected,328
387,518,undirected,328
388,518,undirected,328
389,518,undirected,328
390,518,undirected,328
391,518,undirected,328
146,518,undirected,328
392,518,undirected,328
393,518,undirected,328
394,518,undirected,328
29,70,undirected,327
7,15,undirected,327
332,321,undirected,327
333,321,undirected,327
321,66,undirected,327
361,212,undirected,327
321,335,undirected,326
155,137,undirected,325
330,295,undirected,325
29,18,undirected,323
22,300,undirected,323
153,212,undirected,322
22,45,undirected,321
15,23,undirected,320
67,20,undirected,318
1,9,undirected,317
137,9,undirected,316
282,22,undirected,316
29,108,undirected,315
282,15,undirected,315
153,361,undirected,314
29,175,undirected,314
88,428,undirected,313
152,29,undirected,313
110,324,undirected,313
21,15,undirected,312
326,295,undirected,312
20,64,undirected,311
69,9,undirected,310
7,35,undirected,310
45,23,undirected,310
88,357,undirected,310
156,29,undirected,310
225,137,undirected,309
156,158,undirected,308
29,6,undirected,307
69,15,undirected,306
18,1,undirected,304
152,18,undirected,304
316,330,undirected,303
332,499,undirected,303
211,499,undirected,303
333,499,undirected,303
80,499,undirected,303
334,499,undirected,303
66,499,undirected,303
336,499,undirected,303
66,120,undirected,302
335,499,undirected,302
30,75,undirected,300
321,499,undirected,300
90,15,undirected,298
29,12,undirected,297
316,88,undirected,296
20,136,undirected,294
64,7,undirected,293
22,161,undirected,293
48,15,undirected,292
29,23,undirected,291
89,18,undirected,291
1,402,undirected,290
20,30,undirected,290
64,29,undirected,289
22,105,undirected,289
9,315,undirected,288
129,12,undirected,288
18,462,undirected,288
265,25,undirected,288
266,25,undirected,288
23,69,undirected,287
264,25,undirected,287
24,26,undirected,286
18,150,undirected,286
18,175,undirected,286
264,265,undirected,285
264,266,undirected,285
264,267,undirected,285
265,267,undirected,285
267,25,undirected,285
316,274,undirected,285
20,47,undirected,284
265,266,undirected,284
266,267,undirected,284
266,362,undirected,284
20,19,undirected,283
15,108,undirected,283
264,362,undirected,283
25,6,undirected,283
25,362,undirected,283
265,362,undirected,282
267,362,undirected,282
129,79,undirected,282
274,330,undirected,282
70,20,undirected,281
18,261,undirected,281
273,268,undirected,280
20,55,undirected,279
45,55,undirected,278
9,47,undirected,277
274,346,undirected,277
52,55,undirected,276
316,326,undirected,275
20,14,undirected,274
274,326,undirected,273
160,161,undirected,271
108,30,undirected,271
282,18,undirected,271
316,428,undirected,271
330,428,undirected,271
88,346,undirected,271
174,110,undirected,270
27,397,undirected,270
27,29,undirected,269
274,18,undirected,269
36,18,undirected,268
29,75,undirected,268
226,88,undirected,268
330,346,undirected,268
136,69,undirected,267
67,52,undirected,267
152,20,undirected,266
294,295,undirected,266
7,19,undirected,265
14,19,undirected,264
18,25,undirected,264
18,230,undirected,263
18,151,undirected,262
14,12,undirected,262
316,346,undirected,262
7,22,undirected,261
295,316,undirected,261
124,18,undirected,260
125,18,undirected,260
7,70,undirected,259
291,22,undirected,258
88,360,undirected,258
326,346,undirected,258
9,16,undirected,257
23,55,undirected,257
29,324,undirected,257
295,428,undirected,257
87,88,undirected,256
274,295,undirected,256
137,400,undirected,256
30,14,undirected,255
295,346,undirected,255
274,428,undirected,255
55,48,undirected,254
29,300,undirected,254
112,18,undirected,253
29,493,undirected,252
22,88,undirected,251
20,73,undirected,250
126,12,undirected,250
160,22,undirected,249
22,6,undirected,249
15,67,undirected,248
30,136,undirected,248
19,129,undirected,248
126,12,undirected,248
295,360,undirected,248
326,428,undirected,247
360,330,undirected,246
29,167,undirected,245
66,435,undirected,245
158,22,undirected,245
266,6,undirected,245
346,428,undirected,245
45,20,undirected,244
212,223,undirected,244
9,155,undirected,244
360,428,undirected,244
360,274,undirected,244
225,400,undirected,244
16,18,undirected,243
360,316,undirected,243
360,346,undirected,243
212,224,undirected,242
262,66,undirected,242
360,326,undirected,242
58,47,undirected,241
120,435,undirected,241
9,23,undirected,241
204,29,undirected,241
264,6,undirected,241
6,362,undirected,240
50,20,undirected,239
108,7,undirected,239
265,6,undirected,239
267,6,undirected,239
113,29,undirected,239
225,155,undirected,239
29,69,undirected,238
27,261,undirected,238
168,383,undirected,238
203,168,undirected,238
282,263,undirected,238
381,168,undirected,238
382,383,undirected,238
400,27,undirected,238
47,18,undirected,237
226,97,undirected,237
304,489,undirected,237
345,505,undirected,237
381,382,undirected,237
381,383,undirected,237
381,203,undirected,237
168,382,undirected,237
382,203,undirected,237
383,203,undirected,237
18,123,undirected,236
29,29,undirected,236
67,108,undirected,236
113,20,undirected,236
155,400,undirected,236
45,48,undirected,235
69,19,undirected,234
185,459,undirected,234
113,15,undirected,234
294,88,undirected,234
75,20,undirected,233
88,9,undirected,233
266,268,undirected,233
24,9,undirected,232
29,51,undirected,232
10,18,undirected,232
264,268,undirected,232
25,268,undirected,232
268,6,undirected,232
268,362,undirected,232
273,266,undirected,232
29,462,undirected,232
57,18,undirected,231
15,6,undirected,231
265,268,undirected,231
267,268,undirected,231
272,266,undirected,231
264,273,undirected,231
273,25,undirected,231
273,6,undirected,231
273,362,undirected,231
129,20,undirected,230
69,108,undirected,230
272,264,undirected,230
272,273,undirected,230
272,25,undirected,230
272,268,undirected,230
272,6,undirected,230
272,362,undirected,230
265,273,undirected,230
273,267,undirected,230
20,414,undirected,229
7,68,undirected,229
12,78,undirected,229
151,20,undirected,229
15,151,undirected,229
272,265,undirected,229
272,267,undirected,229
345,168,undirected,229
11,29,undirected,228
29,482,undirected,228
229,9,undirected,228
381,345,undirected,228
69,21,undirected,227
22,56,undirected,227
381,505,undirected,227
168,505,undirected,227
382,505,undirected,227
382,345,undirected,227
383,505,undirected,227
383,345,undirected,227
203,505,undirected,227
203,345,undirected,227
29,7,undirected,225
9,89,undirected,224
29,21,undirected,224
56,20,undirected,223
29,151,undirected,223
18,105,undirected,220
91,88,undirected,220
156,180,undirected,220
27,401,undirected,220
28,18,undirected,219
50,148,undirected,218
155,261,undirected,218
401,137,undirected,218
18,20,undirected,217
29,122,undirected,217
9,146,undirected,216
156,159,undirected,216
23,64,undirected,215
137,261,undirected,215
23,20,undirected,214
71,20,undirected,214
20,12,undirected,214
286,292,undirected,214
400,401,undirected,214
26,9,undirected,213
30,35,undirected,213
20,108,undirected,213
12,129,undirected,213
261,225,undirected,213
45,108,undirected,212
156,157,undirected,212
12,193,undirected,212
18,300,undirected,212
261,400,undirected,212
401,225,undirected,212
261,401,undirected,211
1,1,undirected,210
155,401,undirected,210
7,56,undirected,209
242,243,undirected,209
18,212,undirected,209
18,361,undirected,209
9,153,undirected,209
18,153,undirected,208
15,55,undirected,208
241,242,undirected,208
241,243,undirected,208
246,247,undirected,208
248,250,undirected,208
30,12,undirected,207
175,15,undirected,207
246,248,undirected,207
246,250,undirected,207
247,248,undirected,207
247,250,undirected,207
45,108,undirected,206
45,9,undirected,206
212,94,undirected,206
212,93,undirected,206
299,29,undirected,206
25,90,undirected,205
20,45,undirected,205
27,15,undirected,205
20,21,undirected,205
199,239,undirected,205
18,291,undirected,205
97,204,undirected,204
64,112,undirected,204
69,52,undirected,204
18,208,undirected,204
235,236,undirected,204
235,237,undirected,204
235,238,undirected,204
235,241,undirected,204
235,242,undirected,204
235,243,undirected,204
235,199,undirected,204
235,244,undirected,204
235,245,undirected,204
235,247,undirected,204
235,248,undirected,204
235,250,undirected,204
236,237,undirected,204
236,238,undirected,204
236,241,undirected,204
236,242,undirected,204
236,243,undirected,204
236,199,undirected,204
236,244,undirected,204
236,245,undirected,204
236,247,undirected,204
236,248,undirected,204
236,250,undirected,204
237,238,undirected,204
237,241,undirected,204
237,242,undirected,204
237,243,undirected,204
237,199,undirected,204
237,244,undirected,204
237,245,undirected,204
237,247,undirected,204
237,248,undirected,204
237,250,undirected,204
238,241,undirected,204
238,242,undirected,204
238,243,undirected,204
238,199,undirected,204
238,244,undirected,204
238,245,undirected,204
238,247,undirected,204
238,248,undirected,204
238,250,undirected,204
240,243,undirected,204
240,199,undirected,204
241,199,undirected,204
241,244,undirected,204
241,245,undirected,204
241,247,undirected,204
241,248,undirected,204
241,250,undirected,204
242,199,undirected,204
242,244,undirected,204
242,245,undirected,204
242,247,undirected,204
242,248,undirected,204
242,250,undirected,204
243,199,undirected,204
243,244,undirected,204
243,245,undirected,204
243,247,undirected,204
243,248,undirected,204
243,250,undirected,204
199,244,undirected,204
199,245,undirected,204
199,247,undirected,204
199,248,undirected,204
199,250,undirected,204
244,245,undirected,204
244,247,undirected,204
244,248,undirected,204
244,250,undirected,204
245,247,undirected,204
245,248,undirected,204
245,250,undirected,204
246,249,undirected,204
247,249,undirected,204
248,249,undirected,204
249,250,undirected,204
157,158,undirected,203
235,240,undirected,203
235,246,undirected,203
235,251,undirected,203
236,240,undirected,203
236,246,undirected,203
236,251,undirected,203
237,240,undirected,203
237,246,undirected,203
237,251,undirected,203
238,240,undirected,203
238,246,undirected,203
238,251,undirected,203
239,242,undirected,203
239,243,undirected,203
240,241,undirected,203
240,242,undirected,203
240,244,undirected,203
240,245,undirected,203
240,247,undirected,203
240,248,undirected,203
240,250,undirected,203
241,246,undirected,203
241,251,undirected,203
242,246,undirected,203
242,251,undirected,203
243,246,undirected,203
243,251,undirected,203
199,246,undirected,203
199,251,undirected,203
244,246,undirected,203
244,251,undirected,203
245,246,undirected,203
245,251,undirected,203
247,251,undirected,203
248,251,undirected,203
250,251,undirected,203
235,249,undirected,202
235,133,undirected,202
236,249,undirected,202
236,133,undirected,202
237,249,undirected,202
237,133,undirected,202
238,249,undirected,202
238,133,undirected,202
239,240,undirected,202
240,246,undirected,202
240,251,undirected,202
240,133,undirected,202
241,249,undirected,202
241,133,undirected,202
242,249,undirected,202
242,133,undirected,202
243,249,undirected,202
243,133,undirected,202
199,249,undirected,202
199,133,undirected,202
244,249,undirected,202
244,133,undirected,202
245,249,undirected,202
245,133,undirected,202
246,251,undirected,202
246,133,undirected,202
247,133,undirected,202
248,133,undirected,202
250,133,undirected,202
348,349,undirected,202
235,239,undirected,201
236,239,undirected,201
237,239,undirected,201
238,239,undirected,201
239,241,undirected,201
239,244,undirected,201
239,245,undirected,201
239,247,undirected,201
239,248,undirected,201
239,250,undirected,201
239,251,undirected,201
240,249,undirected,201
249,251,undirected,201
249,133,undirected,201
251,133,undirected,201
276,66,undirected,201
264,90,undirected,201
266,90,undirected,201
90,362,undirected,201
52,48,undirected,200
45,52,undirected,200
45,55,undirected,200
20,48,undirected,200
239,246,undirected,200
239,133,undirected,200
302,22,undirected,200
17,18,undirected,200
265,90,undirected,200
267,90,undirected,200
29,261,undirected,199
158,101,undirected,199
17,64,undirected,199
126,18,undirected,199
205,29,undirected,199
239,249,undirected,199
25,476,undirected,199
262,270,undirected,199
270,271,undirected,199
276,262,undirected,199
276,270,undirected,199
291,15,undirected,199
18,170,undirected,198
262,271,undirected,198
270,66,undirected,198
271,66,undirected,198
276,271,undirected,198
47,194,undirected,197
48,9,undirected,196
212,9,undirected,196
20,55,undirected,195
85,85,undirected,195
12,7,undirected,195
157,22,undirected,195
158,159,undirected,195
9,361,undirected,195
264,476,undirected,195
266,476,undirected,195
362,476,undirected,195
58,35,undirected,194
64,48,undirected,194
291,29,undirected,194
265,476,undirected,194
267,476,undirected,194
273,90,undirected,194
15,17,undirected,193
81,262,undirected,193
29,191,undirected,193
331,498,undirected,193
268,90,undirected,193
9,413,undirected,192
18,20,undirected,192
272,90,undirected,192
64,29,undirected,191
7,136,undirected,191
8,18,undirected,191
122,15,undirected,191
302,15,undirected,191
29,71,undirected,190
17,69,undirected,190
22,23,undirected,190
175,22,undirected,190
19,129,undirected,189
18,18,undirected,189
29,50,undirected,189
19,89,undirected,188
150,29,undirected,188
19,194,undirected,188
16,194,undirected,188
78,194,undirected,188
193,194,undirected,188
129,194,undirected,188
126,194,undirected,188
134,194,undirected,188
126,194,undirected,188
187,194,undirected,188
13,194,undirected,188
14,194,undirected,188
194,192,undirected,188
274,308,undirected,188
32,371,undirected,187
93,29,undirected,187
96,29,undirected,187
29,68,undirected,187
70,20,undirected,187
18,30,undirected,187
294,204,undirected,187
311,492,undirected,187
355,349,undirected,187
29,52,undirected,186
97,29,undirected,186
296,294,undirected,186
311,318,undirected,186
354,355,undirected,186
354,349,undirected,186
355,348,undirected,186
29,151,undirected,185
18,70,undirected,185
354,348,undirected,185
20,50,undirected,184
105,29,undirected,184
122,18,undirected,184
135,20,undirected,184
135,19,undirected,184
135,30,undirected,184
18,50,undirected,183
18,135,undirected,183
100,15,undirected,182
104,18,undirected,182
156,160,undirected,182
210,469,undirected,182
318,492,undirected,182
70,9,undirected,181
28,445,undirected,181
22,232,undirected,181
88,461,undirected,181
312,373,undirected,181
18,108,undirected,180
45,30,undirected,180
372,312,undirected,180
79,47,undirected,179
302,29,undirected,179
88,282,undirected,179
261,373,undirected,179
153,25,undirected,179
311,376,undirected,179
18,414,undirected,178
261,312,undirected,178
369,373,undirected,178
369,312,undirected,178
35,52,undirected,177
15,228,undirected,177
138,18,undirected,177
195,18,undirected,177
30,230,undirected,177
229,27,undirected,177
261,369,undirected,177
35,36,undirected,176
18,146,undirected,176
113,19,undirected,176
283,9,undirected,176
295,204,undirected,176
312,311,undirected,176
372,492,undirected,176
18,413,undirected,175
9,64,undirected,175
69,135,undirected,175
300,228,undirected,175
312,376,undirected,175
379,9,undirected,175
361,25,undirected,175
16,19,undirected,174
71,18,undirected,174
69,12,undirected,174
205,153,undirected,174
205,18,undirected,174
205,25,undirected,174
311,372,undirected,174
379,25,undirected,174
153,379,undirected,174
212,379,undirected,174
361,379,undirected,174
9,205,undirected,174
30,414,undirected,173
18,433,undirected,173
63,18,undirected,173
276,311,undirected,173
276,371,undirected,173
276,372,undirected,173
276,318,undirected,173
276,261,undirected,173
276,369,undirected,173
276,373,undirected,173
276,312,undirected,173
276,374,undirected,173
276,375,undirected,173
276,376,undirected,173
276,492,undirected,173
262,311,undirected,173
262,371,undirected,173
262,372,undirected,173
262,318,undirected,173
262,261,undirected,173
262,369,undirected,173
262,373,undirected,173
262,312,undirected,173
262,374,undirected,173
262,375,undirected,173
262,376,undirected,173
262,492,undirected,173
270,311,undirected,173
270,371,undirected,173
270,372,undirected,173
270,318,undirected,173
270,261,undirected,173
270,369,undirected,173
270,373,undirected,173
270,312,undirected,173
270,374,undirected,173
270,375,undirected,173
270,376,undirected,173
270,492,undirected,173
271,311,undirected,173
271,371,undirected,173
271,372,undirected,173
271,318,undirected,173
271,261,undirected,173
271,369,undirected,173
271,373,undirected,173
271,312,undirected,173
271,374,undirected,173
271,375,undirected,173
271,376,undirected,173
271,492,undirected,173
66,311,undirected,173
66,371,undirected,173
66,372,undirected,173
66,318,undirected,173
66,261,undirected,173
66,369,undirected,173
66,373,undirected,173
66,312,undirected,173
66,374,undirected,173
66,375,undirected,173
66,376,undirected,173
66,492,undirected,173
311,371,undirected,173
311,261,undirected,173
311,369,undirected,173
311,373,undirected,173
311,374,undirected,173
311,375,undirected,173
371,372,undirected,173
371,318,undirected,173
371,261,undirected,173
371,369,undirected,173
371,373,undirected,173
371,312,undirected,173
371,374,undirected,173
371,375,undirected,173
371,376,undirected,173
371,492,undirected,173
372,318,undirected,173
372,261,undirected,173
372,369,undirected,173
372,373,undirected,173
372,374,undirected,173
372,375,undirected,173
372,376,undirected,173
318,261,undirected,173
318,369,undirected,173
318,373,undirected,173
318,312,undirected,173
318,374,undirected,173
318,375,undirected,173
318,376,undirected,173
261,374,undirected,173
261,375,undirected,173
261,376,undirected,173
261,492,undirected,173
369,374,undirected,173
369,375,undirected,173
369,376,undirected,173
369,492,undirected,173
373,374,undirected,173
373,375,undirected,173
373,376,undirected,173
373,492,undirected,173
312,374,undirected,173
312,375,undirected,173
312,492,undirected,173
374,375,undirected,173
374,376,undirected,173
374,492,undirected,173
375,376,undirected,173
375,492,undirected,173
376,492,undirected,173
379,18,undirected,173
212,25,undirected,173
63,9,undirected,173
24,137,undirected,172
204,18,undirected,172
212,63,undirected,172
212,205,undirected,172
63,153,undirected,172
63,361,undirected,172
63,25,undirected,172
63,205,undirected,172
63,379,undirected,172
361,205,undirected,172
205,379,undirected,172
23,50,undirected,171
151,9,undirected,171
347,347,undirected,171
9,17,undirected,170
35,19,undirected,170
35,45,undirected,170
60,63,undirected,170
61,63,undirected,170
62,63,undirected,170
45,15,undirected,170
159,22,undirected,170
219,29,undirected,170
222,29,undirected,170
59,63,undirected,169
52,23,undirected,169
213,214,undirected,169
213,205,undirected,169
205,169,undirected,169
205,222,undirected,169
172,29,undirected,169
136,110,undirected,169
12,89,undirected,168
212,212,undirected,168
213,215,undirected,168
213,216,undirected,168
213,217,undirected,168
213,169,undirected,168
213,218,undirected,168
213,219,undirected,168
213,220,undirected,168
213,221,undirected,168
213,222,undirected,168
213,29,undirected,168
214,215,undirected,168
214,216,undirected,168
214,217,undirected,168
214,205,undirected,168
214,169,undirected,168
214,218,undirected,168
214,219,undirected,168
214,220,undirected,168
214,221,undirected,168
214,222,undirected,168
214,29,undirected,168
215,216,undirected,168
215,217,undirected,168
215,205,undirected,168
215,169,undirected,168
215,218,undirected,168
215,219,undirected,168
215,220,undirected,168
215,221,undirected,168
215,222,undirected,168
215,29,undirected,168
216,217,undirected,168
216,205,undirected,168
216,169,undirected,168
216,218,undirected,168
216,219,undirected,168
216,220,undirected,168
216,221,undirected,168
216,222,undirected,168
216,29,undirected,168
217,205,undirected,168
217,169,undirected,168
217,218,undirected,168
217,219,undirected,168
217,220,undirected,168
217,221,undirected,168
217,222,undirected,168
217,29,undirected,168
205,218,undirected,168
205,219,undirected,168
205,220,undirected,168
205,221,undirected,168
169,218,undirected,168
169,219,undirected,168
169,220,undirected,168
169,221,undirected,168
169,222,undirected,168
218,219,undirected,168
218,220,undirected,168
218,221,undirected,168
218,222,undirected,168
218,29,undirected,168
219,220,undirected,168
219,221,undirected,168
219,222,undirected,168
220,221,undirected,168
220,222,undirected,168
220,29,undirected,168
221,222,undirected,168
221,29,undirected,168
172,291,undirected,168
172,15,undirected,168
18,506,undirected,168
60,61,undirected,167
60,62,undirected,167
61,62,undirected,167
95,18,undirected,167
47,69,undirected,167
120,436,undirected,167
291,289,undirected,167
59,60,undirected,166
59,61,undirected,166
59,62,undirected,166
35,90,undirected,166
29,67,undirected,166
29,138,undirected,166
292,484,undirected,166
110,15,undirected,166
14,7,undirected,165
13,18,undirected,164
63,409,undirected,164
30,50,undirected,164
7,135,undirected,164
160,126,undirected,164
29,15,undirected,164
275,29,undirected,164
172,22,undirected,164
99,423,undirected,163
68,20,undirected,163
55,9,undirected,163
66,436,undirected,163
18,101,undirected,163
101,136,undirected,163
20,89,undirected,162
165,232,undirected,162
60,409,undirected,161
61,409,undirected,161
62,409,undirected,161
29,58,undirected,161
35,29,undirected,161
22,23,undirected,161
295,357,undirected,161
59,409,undirected,160
55,69,undirected,160
319,18,undirected,160
22,152,undirected,160
51,396,undirected,160
80,81,undirected,159
30,18,undirected,159
30,160,undirected,159
69,156,undirected,159
14,15,undirected,158
18,129,undirected,158
23,50,undirected,158
55,7,undirected,158
159,160,undirected,158
164,232,undirected,158
169,18,undirected,158
170,29,undirected,158
29,485,undirected,158
9,397,undirected,158
5,9,undirected,157
118,88,undirected,157
35,6,undirected,157
88,201,undirected,157
155,18,undirected,157
6,476,undirected,157
18,408,undirected,156
35,12,undirected,156
29,56,undirected,156
228,22,undirected,156
29,263,undirected,156
313,9,undirected,156
196,88,undirected,156
29,414,undirected,155
91,97,undirected,155
157,159,undirected,155
22,45,undirected,155
108,152,undirected,155
156,319,undirected,155
90,476,undirected,155
51,519,undirected,155
396,519,undirected,155
19,52,undirected,154
117,47,undirected,154
23,7,undirected,154
12,13,undirected,154
235,472,undirected,154
236,472,undirected,154
237,472,undirected,154
238,472,undirected,154
241,472,undirected,154
242,472,undirected,154
243,472,undirected,154
199,472,undirected,154
244,472,undirected,154
245,472,undirected,154
246,472,undirected,154
247,472,undirected,154
248,472,undirected,154
249,472,undirected,154
250,472,undirected,154
22,289,undirected,154
18,324,undirected,153
18,438,undirected,153
158,160,undirected,153
56,50,undirected,153
240,472,undirected,153
251,472,undirected,153
133,472,undirected,153
348,502,undirected,153
349,502,undirected,153
29,73,undirected,152
70,414,undirected,152
104,29,undirected,152
50,69,undirected,152
29,433,undirected,152
18,45,undirected,152
356,454,undirected,152
356,510,undirected,152
18,133,undirected,151
47,12,undirected,151
239,472,undirected,151
101,156,undirected,151
69,14,undirected,150
20,230,undirected,150
306,29,undirected,150
356,507,undirected,150
356,509,undirected,150
356,29,undirected,150
15,16,undirected,149
94,232,undirected,149
22,470,undirected,149
14,79,undirected,149
22,30,undirected,149
12,52,undirected,148
66,410,undirected,148
22,9,undirected,147
1,455,undirected,147
191,18,undirected,147
15,29,undirected,146
29,231,undirected,146
16,12,undirected,146
20,167,undirected,146
29,180,undirected,146
108,19,undirected,146
22,281,undirected,146
356,508,undirected,146
273,476,undirected,146
268,476,undirected,146
7,75,undirected,145
87,9,undirected,145
69,230,undirected,145
272,476,undirected,145
9,414,undirected,144
64,47,undirected,144
29,11,undirected,144
55,50,undirected,144
18,449,undirected,144
174,18,undirected,144
207,511,undirected,144
9,133,undirected,143
34,18,undirected,143
166,232,undirected,143
97,461,undirected,143
18,160,undirected,143
129,129,undirected,143
355,502,undirected,143
24,27,undirected,142
20,148,undirected,142
87,15,undirected,142
85,417,undirected,142
154,27,undirected,142
192,12,undirected,142
64,55,undirected,142
45,88,undirected,142
232,471,undirected,142
134,12,undirected,142
354,502,undirected,142
24,397,undirected,142
35,101,undirected,141
20,151,undirected,141
135,9,undirected,141
30,68,undirected,141
148,68,undirected,141
20,431,undirected,141
121,176,undirected,141
110,29,undirected,141
81,474,undirected,141
79,19,undirected,141
79,78,undirected,141
79,193,undirected,141
79,126,undirected,141
79,134,undirected,141
79,126,undirected,141
79,187,undirected,141
187,12,undirected,141
289,18,undirected,141
88,359,undirected,141
47,45,undirected,140
22,433,undirected,140
191,64,undirected,140
30,23,undirected,140
19,230,undirected,140
18,478,undirected,140
79,16,undirected,140
79,13,undirected,140
357,294,undirected,140
80,262,undirected,139
18,418,undirected,139
30,64,undirected,139
157,160,undirected,139
157,161,undirected,139
12,14,undirected,139
48,69,undirected,139
25,234,undirected,139
79,192,undirected,139
79,12,undirected,139
71,29,undirected,138
58,433,undirected,138
135,230,undirected,138
18,5,undirected,137
29,7,undirected,137
15,70,undirected,137
135,12,undirected,137
23,29,undirected,137
156,58,undirected,137
104,52,undirected,137
9,8,undirected,137
315,15,undirected,137
55,50,undirected,136
29,108,undirected,136
119,179,undirected,136
135,14,undirected,136
37,446,undirected,136
38,446,undirected,136
39,446,undirected,136
40,446,undirected,136
15,446,undirected,136
158,58,undirected,136
227,469,undirected,136
296,295,undirected,136
22,17,undirected,136
12,13,undirected,135
1,15,undirected,135
100,20,undirected,135
19,173,undirected,135
42,446,undirected,135
7,230,undirected,135
210,25,undirected,135
210,233,undirected,135
210,234,undirected,135
25,233,undirected,135
233,234,undirected,135
368,368,undirected,135
30,47,undirected,134
30,50,undirected,134
23,108,undirected,134
149,65,undirected,134
41,446,undirected,134
58,22,undirected,134
29,8,undirected,134
52,7,undirected,134
309,317,undirected,134
274,495,undirected,134
14,89,undirected,133
69,73,undirected,133
18,440,undirected,133
100,18,undirected,133
156,161,undirected,133
158,161,undirected,133
161,433,undirected,133
29,456,undirected,133
208,10,undirected,133
126,161,undirected,133
274,494,undirected,133
282,308,undirected,133
1,133,undirected,132
70,19,undirected,132
12,419,undirected,132
116,18,undirected,132
156,433,undirected,132
158,433,undirected,132
58,160,undirected,132
159,161,undirected,132
172,18,undirected,132
29,150,undirected,132
25,469,undirected,132
233,469,undirected,132
234,469,undirected,132
91,226,undirected,132
6,404,undirected,131
27,315,undirected,131
48,167,undirected,131
19,73,undirected,131
110,18,undirected,131
29,146,undirected,131
20,123,undirected,131
14,89,undirected,131
30,152,undirected,131
58,159,undirected,131
18,458,undirected,131
126,15,undirected,131
180,22,undirected,131
20,113,undirected,130
157,433,undirected,130
159,433,undirected,130
96,18,undirected,130
180,158,undirected,130
357,204,undirected,130
20,1,undirected,129
33,18,undirected,129
35,48,undirected,129
29,431,undirected,129
9,136,undirected,129
131,132,undirected,129
131,20,undirected,129
132,20,undirected,129
29,228,undirected,129
157,58,undirected,129
58,161,undirected,129
160,433,undirected,129
162,232,undirected,129
29,22,undirected,129
23,231,undirected,129
324,22,undirected,129
351,29,undirected,129
7,90,undirected,128
29,29,undirected,128
131,133,undirected,128
132,133,undirected,128
133,20,undirected,128
20,173,undirected,128
159,101,undirected,128
22,52,undirected,128
8,404,undirected,127
13,89,undirected,127
65,66,undirected,127
18,429,undirected,127
136,56,undirected,127
179,176,undirected,127
23,232,undirected,127
18,229,undirected,127
319,101,undirected,127
20,52,undirected,126
29,413,undirected,126
30,151,undirected,126
20,58,undirected,126
18,50,undirected,126
121,119,undirected,126
108,22,undirected,126
17,7,undirected,126
302,18,undirected,126
351,512,undirected,126
29,512,undirected,126
212,517,undirected,126
30,108,undirected,125
23,35,undirected,125
72,20,undirected,125
20,413,undirected,125
20,57,undirected,125
45,69,undirected,125
20,433,undirected,125
70,52,undirected,125
64,50,undirected,125
282,302,undirected,125
56,50,undirected,124
29,72,undirected,124
18,193,undirected,124
23,208,undirected,124
35,136,undirected,124
64,45,undirected,124
16,20,undirected,124
29,9,undirected,124
165,22,undirected,124
15,11,undirected,124
64,136,undirected,124
176,119,undirected,124
254,18,undirected,124
24,122,undirected,124
289,29,undirected,124
12,129,undirected,123
15,5,undirected,123
30,45,undirected,123
49,35,undirected,123
20,15,undirected,123
47,36,undirected,123
18,419,undirected,123
29,136,undirected,123
15,441,undirected,123
131,442,undirected,123
132,442,undirected,123
20,442,undirected,123
133,442,undirected,123
18,443,undirected,123
167,23,undirected,123
171,18,undirected,123
173,73,undirected,123
148,15,undirected,123
90,20,undirected,123
26,137,undirected,123
160,136,undirected,123
18,482,undirected,123
303,488,undirected,123
64,351,undirected,123
64,512,undirected,123
30,57,undirected,122
29,57,undirected,122
29,208,undirected,122
35,261,undirected,122
9,6,undirected,122
22,48,undirected,122
213,223,undirected,122
214,223,undirected,122
215,223,undirected,122
216,223,undirected,122
217,223,undirected,122
205,223,undirected,122
169,223,undirected,122
218,223,undirected,122
219,223,undirected,122
220,223,undirected,122
221,223,undirected,122
222,223,undirected,122
29,223,undirected,122
223,224,undirected,122
29,468,undirected,122
155,15,undirected,122
15,129,undirected,121
29,55,undirected,121
113,19,undirected,121
146,274,undirected,121
118,97,undirected,121
12,126,undirected,121
101,15,undirected,121
121,179,undirected,121
152,15,undirected,121
111,18,undirected,121
195,29,undirected,121
213,224,undirected,121
214,224,undirected,121
215,224,undirected,121
216,224,undirected,121
217,224,undirected,121
205,224,undirected,121
169,224,undirected,121
218,224,undirected,121
219,224,undirected,121
220,224,undirected,121
221,224,undirected,121
222,224,undirected,121
29,224,undirected,121
255,18,undirected,121
86,88,undirected,120
121,437,undirected,120
9,123,undirected,120
30,89,undirected,120
117,18,undirected,120
30,20,undirected,120
277,280,undirected,120
278,280,undirected,120
279,280,undirected,120
280,479,undirected,120
280,3,undirected,120
280,480,undirected,120
280,4,undirected,120
399,520,undirected,120
3,4,undirected,119
7,414,undirected,119
70,30,undirected,119
151,21,undirected,119
94,22,undirected,119
170,202,undirected,119
200,207,undirected,119
201,97,undirected,119
210,227,undirected,119
29,152,undirected,119
255,15,undirected,119
301,314,undirected,119
319,101,undirected,119
88,358,undirected,119
20,112,undirected,119
156,136,undirected,119
358,359,undirected,119
300,56,undirected,119
30,413,undirected,118
50,75,undirected,118
93,94,undirected,118
73,30,undirected,118
18,431,undirected,118
55,18,undirected,118
20,300,undirected,118
29,431,undirected,118
230,108,undirected,118
15,289,undirected,118
155,29,undirected,118
282,136,undirected,118
274,485,undirected,118
18,134,undirected,117
45,52,undirected,117
16,19,undirected,117
136,100,undirected,117
29,34,undirected,117
253,254,undirected,117
253,70,undirected,117
274,306,undirected,117
288,18,undirected,117
286,484,undirected,117
299,122,undirected,117
291,136,undirected,117
274,496,undirected,117
327,274,undirected,117
47,15,undirected,116
7,50,undirected,116
85,434,undirected,116
16,12,undirected,116
35,14,undirected,116
22,166,undirected,116
88,487,undirected,116
262,474,undirected,116
51,9,undirected,115
29,47,undirected,115
94,29,undirected,115
102,29,undirected,115
7,89,undirected,115
22,116,undirected,115
164,22,undirected,115
126,30,undirected,115
257,15,undirected,115
257,18,undirected,115
286,22,undirected,115
320,137,undirected,115
309,327,undirected,115
24,146,undirected,114
9,58,undirected,114
50,64,undirected,114
120,410,undirected,114
143,144,undirected,114
162,166,undirected,114
18,165,undirected,114
12,108,undirected,114
169,93,undirected,114
254,20,undirected,114
254,52,undirected,114
257,52,undirected,114
14,20,undirected,114
18,299,undirected,114
298,291,undirected,114
308,263,undirected,114
315,155,undirected,114
22,50,undirected,114
13,15,undirected,113
26,146,undirected,113
9,90,undirected,113
17,47,undirected,113
147,88,undirected,113
29,113,undirected,113
20,175,undirected,113
15,50,undirected,113
28,29,undirected,113
202,170,undirected,113
55,29,undirected,113
135,108,undirected,113
253,255,undirected,113
253,256,undirected,113
253,257,undirected,113
253,15,undirected,113
253,20,undirected,113
253,18,undirected,113
253,52,undirected,113
254,255,undirected,113
254,70,undirected,113
254,256,undirected,113
254,257,undirected,113
254,15,undirected,113
255,70,undirected,113
255,256,undirected,113
255,257,undirected,113
255,20,undirected,113
255,52,undirected,113
70,256,undirected,113
70,257,undirected,113
256,257,undirected,113
256,15,undirected,113
256,20,undirected,113
256,18,undirected,113
256,52,undirected,113
257,20,undirected,113
161,13,undirected,113
287,29,undirected,113
207,417,undirected,113
291,485,undirected,113
2,278,undirected,112
26,27,undirected,112
104,23,undirected,112
124,439,undirected,112
125,439,undirected,112
139,142,undirected,112
142,143,undirected,112
142,144,undirected,112
64,52,undirected,112
66,18,undirected,112
13,126,undirected,112
18,120,undirected,112
176,437,undirected,112
45,97,undirected,112
15,485,undirected,112
314,491,undirected,112
9,25,undirected,112
397,320,undirected,112
4,278,undirected,111
71,30,undirected,111
73,18,undirected,111
89,16,undirected,111
89,129,undirected,111
20,441,undirected,111
140,144,undirected,111
144,145,undirected,111
126,20,undirected,111
12,70,undirected,111
179,437,undirected,111
155,229,undirected,111
3,278,undirected,110
29,75,undirected,110
18,421,undirected,110
85,422,undirected,110
108,23,undirected,110
111,29,undirected,110
139,140,undirected,110
139,141,undirected,110
139,143,undirected,110
139,144,undirected,110
139,145,undirected,110
139,444,undirected,110
140,141,undirected,110
140,142,undirected,110
140,143,undirected,110
140,145,undirected,110
140,444,undirected,110
141,142,undirected,110
141,143,undirected,110
141,144,undirected,110
141,145,undirected,110
141,444,undirected,110
142,145,undirected,110
142,444,undirected,110
143,145,undirected,110
143,444,undirected,110
144,444,undirected,110
145,444,undirected,110
23,195,undirected,110
162,22,undirected,110
104,55,undirected,110
228,161,undirected,110
161,136,undirected,110
14,136,undirected,110
20,89,undirected,110
29,477,undirected,110
119,437,undirected,110
282,306,undirected,110
317,327,undirected,110
322,514,undirected,110
313,481,undirected,110
9,129,undirected,109
9,406,undirected,109
73,412,undirected,109
7,57,undirected,109
78,193,undirected,109
18,99,undirected,109
16,129,undirected,109
29,89,undirected,109
52,55,undirected,109
190,460,undirected,109
7,50,undirected,109
161,14,undirected,109
19,260,undirected,109
20,260,undirected,109
231,29,undirected,109
15,482,undirected,109
31,9,undirected,108
70,71,undirected,108
23,34,undirected,108
129,173,undirected,108
231,18,undirected,108
134,12,undirected,108
126,136,undirected,108
14,160,undirected,108
15,8,undirected,108
9,481,undirected,108
174,324,undirected,108
293,292,undirected,108
282,485,undirected,108
137,229,undirected,108
228,18,undirected,108
1,405,undirected,107
108,55,undirected,107
10,9,undirected,107
18,430,undirected,107
89,19,undirected,107
150,23,undirected,107
94,166,undirected,107
165,166,undirected,107
19,14,undirected,107
18,453,undirected,107
12,13,undirected,107
136,19,undirected,107
161,30,undirected,107
12,30,undirected,107
108,48,undirected,107
18,464,undirected,107
19,134,undirected,107
18,157,undirected,107
281,18,undirected,107
29,281,undirected,107
122,482,undirected,107
291,302,undirected,107
305,327,undirected,107
110,22,undirected,107
323,173,undirected,107
328,331,undirected,107
331,500,undirected,107
112,15,undirected,107
352,331,undirected,107
173,9,undirected,107
134,89,undirected,106
15,56,undirected,106
50,29,undirected,106
18,456,undirected,106
196,97,undirected,106
157,101,undirected,106
134,129,undirected,106
126,20,undirected,106
12,260,undirected,106
288,29,undirected,106
282,6,undirected,106
306,22,undirected,106
25,481,undirected,106
71,73,undirected,105
30,23,undirected,105
18,151,undirected,105
18,432,undirected,105
89,12,undirected,105
29,160,undirected,105
149,447,undirected,105
18,158,undirected,105
13,30,undirected,105
136,134,undirected,105
258,473,undirected,105
129,260,undirected,105
126,89,undirected,105
14,260,undirected,105
13,136,undirected,105
136,20,undirected,105
136,16,undirected,105
88,48,undirected,105
310,481,undirected,105
344,501,undirected,105
359,330,undirected,105
378,516,undirected,105
25,313,undirected,105
9,323,undirected,105
8,90,undirected,104
10,29,undirected,104
9,57,undirected,104
30,20,undirected,104
18,426,undirected,104
65,120,undirected,104
27,195,undirected,104
162,94,undirected,104
174,29,undirected,104
205,94,undirected,104
160,20,undirected,104
21,112,undirected,104
137,18,undirected,104
69,113,undirected,104
290,8,undirected,104
172,122,undirected,104
282,291,undirected,104
359,326,undirected,104
9,395,undirected,104
9,310,undirected,104
25,395,undirected,104
25,310,undirected,104
313,395,undirected,104
313,310,undirected,104
395,310,undirected,104
1,403,undirected,103
70,57,undirected,103
23,18,undirected,103
18,420,undirected,103
50,45,undirected,103
116,29,undirected,103
55,167,undirected,103
18,465,undirected,103
29,126,undirected,103
213,94,undirected,103
213,93,undirected,103
214,94,undirected,103
214,93,undirected,103
215,94,undirected,103
215,93,undirected,103
216,94,undirected,103
216,93,undirected,103
217,94,undirected,103
217,93,undirected,103
205,93,undirected,103
169,94,undirected,103
218,94,undirected,103
218,93,undirected,103
219,94,undirected,103
219,93,undirected,103
220,94,undirected,103
220,93,undirected,103
221,94,undirected,103
221,93,undirected,103
222,94,undirected,103
222,93,undirected,103
223,94,undirected,103
223,93,undirected,103
224,94,undirected,103
224,93,undirected,103
66,410,undirected,103
20,13,undirected,103
134,89,undirected,103
30,19,undirected,103
129,14,undirected,103
126,260,undirected,103
136,89,undirected,103
136,12,undirected,103
89,260,undirected,103
309,490,undirected,103
152,23,undirected,103
200,200,undirected,103
395,481,undirected,103
13,16,undirected,102
14,16,undirected,102
19,134,undirected,102
23,45,undirected,102
45,7,undirected,102
20,34,undirected,102
29,100,undirected,102
22,55,undirected,102
9,230,undirected,102
18,306,undirected,102
70,19,undirected,102
134,16,undirected,102
30,16,undirected,102
30,89,undirected,102
19,13,undirected,102
19,160,undirected,102
129,126,undirected,102
13,160,undirected,102
160,12,undirected,102
16,260,undirected,102
262,65,undirected,102
139,18,undirected,102
274,288,undirected,102
172,35,undirected,102
275,299,undirected,102
296,204,undirected,102
317,305,undirected,102
308,497,undirected,102
196,226,undirected,102
207,417,undirected,102
207,288,undirected,102
190,513,undirected,102
75,20,undirected,101
29,193,undirected,101
75,416,undirected,101
85,417,undirected,101
18,427,undirected,101
48,50,undirected,101
140,29,undirected,101
144,29,undirected,101
9,228,undirected,101
152,208,undirected,101
9,175,undirected,101
29,33,undirected,101
134,30,undirected,101
134,161,undirected,101
134,126,undirected,101
134,14,undirected,101
134,13,undirected,101
134,160,undirected,101
134,20,undirected,101
134,260,undirected,101
30,129,undirected,101
30,260,undirected,101
161,19,undirected,101
161,129,undirected,101
161,20,undirected,101
161,16,undirected,101
161,89,undirected,101
161,12,undirected,101
161,260,undirected,101
129,13,undirected,101
129,160,undirected,101
129,136,undirected,101
126,16,undirected,101
13,260,undirected,101
160,16,undirected,101
160,89,undirected,101
160,260,undirected,101
136,260,undirected,101
322,146,undirected,101
12,5,undirected,100
31,18,undirected,100
15,34,undirected,100
69,191,undirected,100
123,30,undirected,100
10,20,undirected,100
29,438,undirected,100
181,182,undirected,100
181,183,undirected,100
181,184,undirected,100
181,457,undirected,100
182,183,undirected,100
182,184,undirected,100
182,457,undirected,100
183,184,undirected,100
183,457,undirected,100
184,457,undirected,100
189,190,undirected,100
189,460,undirected,100
206,466,undirected,100
134,475,undirected,100
30,475,undirected,100
161,475,undirected,100
19,475,undirected,100
129,475,undirected,100
126,475,undirected,100
14,475,undirected,100
13,475,undirected,100
160,475,undirected,100
136,475,undirected,100
20,475,undirected,100
16,475,undirected,100
89,475,undirected,100
12,475,undirected,100
260,475,undirected,100
20,6,undirected,100
15,275,undirected,100
291,483,undirected,100
172,282,undirected,100
88,136,undirected,100
29,122,undirected,100
263,497,undirected,100
274,497,undirected,100
20,88,undirected,100
370,514,undirected,100
377,515,undirected,100
